Title,Channel
Breaking Benjamin - Better Days,shallowbayTV
Breaking Benjamin - The Diary of Jane,HollywoodRecordsVEVO
Breaking Benjamin - So Cold,Marcel Schalk
Breaking Benjamin - Blow Me Away (Audio),BreakingBenjaminVEVO
Breaking Benjamin - Breath OFFICIAL MUSIC VIDEO,shallowbayTV
"""Sooner Or Later"" -- Breaking Benjamin",EasyName182
Breaking Benjamin - I Will Not Bow (Official Video),BreakingBenjaminVEVO
Breaking Benjamin - Dear Agony (Lyrics on screen),BreakingBenjaminOFCL
Breaking Benjamin - follow,Garuda15
Breaking Benjamin - Give Me A Sign,BreakingBenjaminVEVO
Private video,unknown
breaking benjamin- firefly,Lonely Goblin
Breaking Benjamin - Dance With The Devil,Garuda15
Away -- Breaking Benjamin,Keepo711
Rain - Breaking Benjamin,bassroxpunkrock
breaking benjamin - evil angel,Garuda15
Had Enough - Breaking Benjamin,ryunmcneill
Breaking Benjamin - Until the End Lyrics,TCobra55
Breaking Benjamin - What Lies Beneath (Lyrics on screen),BreakingBenjaminOFCL
Breaking Benjamin - Without You (Lyrics on screen),BreakingBenjaminOFCL
Breaking Benjamin - Into The Nothing (Lyrics on screen),BreakingBenjaminOFCL
Breaking Benjamin - forget it,Garuda15
Breaking Benjamin - Hopeless (Lyrics on screen),BreakingBenjaminOFCL
Breaking Benjamin - Lights Out (Lyrics on screen),BreakingBenjaminOFCL
Breaking Benjamin - Here We Are,funguzamongus
Breaking Benjamin - Anthem Of The Angels (Lyrics on screen),BreakingBenjaminOFCL
Breaking Benjamin - Crawl (Lyrics on screen),BreakingBenjaminOFCL
Breaking Benjamin - Breakdown,jimbo992000
"""You Fight Me"" - Breaking Benjamin",StraightSongPro
breaking benjamin - unknown soldier,Garuda15
Wish I May - Breaking Benjamin (lyrics),lostsoulparty
breaking benjamin - break my fall,Garuda15
Breaking Benjamin - Fade Away (Lyrics on screen),BreakingBenjaminOFCL
breaking benjamin - simple design,Garuda15
breaking benjamin - next to nothing,Garuda15
Breaking benjamin - You,Garuda15
Breaking Benjamin - Skin,Garuda15
Breaking Benjamin - Medicate,Grandpow
Breaking Benjamin - Shallow Bay,Grandpow
Breaking Benjamin - Ordinary Man,SLDrUmMeR92
Breaking Benjamin - Forever,Grandpow
Breaking Benjamin : Halo 3 Music video follow me,bilalmukhlis
breaking benjamin - no games,Garuda15
breaking benjamin - ladybug,Garuda15
Breaking Benjamin - believe,Garuda15
Breaking Benjamin - Always & Inertia,SLDrUmMeR92
Breaking Benjamin - Sugarcoat,Garuda15
Breaking Benjamin-Topless,Randomgunz
Breaking Benjamin - Phase,Darkon1Xin
Breaking Benjamin - Enjoy the Silence,randomlytyping
